School Name,Short Name,Logo URL"Yagrumo - Centro Montessori Angeles Pastor Pérez","Yagrumo","https://drive.google.com/drive/folders/1CfnvrpR9YtSr5q-XvcI1swRTOTDKTDWc?usp=drive_link"
"Yellow Rose Montessori","Yellow Rose","https://drive.google.com/drive/folders/1vVRdRn_9IQvVOEQM7f8qNOmHQ8VK6LqE?usp=drive_link"
"Magnolia Blossom Montessori","Magnolia","https://i1.wp.com/wildflowerschools.org/wp-content/uploads/sites/11/2018/02/Magnolia-200sq.png"
"Violeta Montessori","Violeta","https://i2.wp.com/media.wildflowerschools.net/wp-content/uploads/sites/13/2017/02/violeta-logo-200w.png"
"The Dahlia School of San Francisco","Dahlia SF","https://drive.google.com/drive/folders/1l8OjOa9AIK3nxtMjI4xwAeK5EY2UJuHk?usp=drive_link"
"Spicebush Montessori","Spicebush","https://drive.google.com/drive/folders/1W2mAoORYCmA2cyM945ViW9MP4ugHBPLM?usp=drive_link"
"Rainbow Montessori Community School Site ","Rainbow","https://drive.google.com/drive/folders/1EuVuZfDzCBuglvArYHrzkr9zaBDJFVs-?usp=sharing"
"Mountain Laurel Montessori","Mountain Laurel","https://drive.google.com/drive/folders/1SlTCZ0sXLyRKKiygjunhKpSkxnpO0-s7?usp=drive_link"
"Montessori EARTH School","EARTH","https://drive.google.com/drive/folders/1_QMtNwgonKFygVvfnOQVopNmOomtKvSf?usp=drive_link"
"Sadula Rose Montessori","Sadula Rose","https://drive.google.com/drive/folders/12y_WANVQ4dAPdFLO1NNsHdrfU6HDgcYN?usp=drive_link"
"Abundant Love Hosta Montessori School","Abundant Love","https://drive.google.com/drive/folders/13W-PdNC7rp5jB6y30U8OJjr1fjlKb-Q5?usp=drive_link"
"Snapdragon Montessori","Snapdragon","https://i1.wp.com/media.wildflowerschools.net/wp-content/uploads/sites/13/2017/02/snapdragon-logo-200w.png"
"Pinyon Montessori","Pinyon","https://drive.google.com/drive/folders/1BpWuLH_D_PiRpJhZx4V1NKDLSOpDuKqS?usp=drive_link"
"Camelia Montessori ","Camelia","https://drive.google.com/drive/folders/19JTmG7M5veVmv64IA2M-C7NmjxSY8Nfh?usp=drive_link"
"Blue Montessori","Blue","https://drive.google.com/drive/folders/1hsqkpTqphkstEhmaH0peF0k6e4zrmYWI?usp=drive_link"
"Mountain Juniper Montessori","Mountain Juniper","https://drive.google.com/drive/folders/14QgJNfg8zxP_uFlo8dIXoha6u_4q6Sd9?usp=drive_link"
"Starflower Montessori","Starflower","https://drive.google.com/drive/folders/1Hz65PPc6ANKcKX9_dwUdWWBzm07O2BSZ?usp=drive_link"
"Hollyhock Montessori","Hollyhock","https://drive.google.com/drive/folders/1taj8POUkCZ3tMOcgqivmReKsyxeRVXf4?usp=drive_link"
"Desert Peach Montessori","Desert Peach","https://drive.google.com/drive/folders/1-ZkKLz00KYCGXalavDfHDHlR1TGqRt92?usp=drive_link"
"The Sunflower School: A Wildflower Montessori Public School of Colorado","Sunflower","https://drive.google.com/drive/folders/1zEE0YMaEepkmXAnwI4agtu1p8780SwAZ?usp=drive_link"
"Flamboyán- Escuela Elemental Fundación Superhéroes","Flamboyán","https://drive.google.com/drive/folders/1feh-0ygo81WPsNkxvVWs5tDfgSa46da8?usp=drive_link"
"Capucine Montessori","Capucine","https://wildflowerschools.org/wp-content/uploads/sites/11/2018/03/capucine-Logo-200w.png"
"Flame Lily Montessori","Flame Lily","https://drive.google.com/drive/folders/1Wn7UV7awEdgBWnjenoU83OpzJ7nU7QFH?usp=drive_link"
"Aster Montessori","Aster","https://i2.wp.com/media.wildflowerschools.net/wp-content/uploads/sites/13/2017/02/aster-logo-200w.png"
"Snowdrop Montessori - Cambridge","Snowdrop Cambridge","https://i0.wp.com/media.wildflowerschools.net/wp-content/uploads/sites/13/2017/02/snowdrop-logo-200w.png"
"Morivivi Montessori","Morivivi","https://wildflowerschools.org/wp-content/uploads/sites/11/2019/01/MoriviviLogo-02.jpg"
"Ginkgo Montessori","Gingko","https://media.wildflowerschools.net/wp-content/uploads/sites/13/2018/06/Gingko-logo-200w.png"
"Azalea Montessori","Azalea","https://wildflowerschools.org/wp-content/uploads/sites/11/2019/01/azalea_draftv2-01-01.jpg"
"Cactus Bloom Community School","Cactus Bloom","https://drive.google.com/drive/folders/1JENV9BR5Vjp1I4hKPjQCRlFM6RURVQM_?usp=drive_link"
"Alyssum Montessori","Alyssum","https://i2.wp.com/media.wildflowerschools.net/wp-content/uploads/sites/13/2017/11/Alyssum-logo-200w.png"
"Poinciana Montessori","Poinciana","https://drive.google.com/drive/folders/1UsOvsvHxUDkerAQSdLsgeC26TcQACJN8?usp=drive_link"
"Indigo Montessori","Indigo","https://drive.google.com/drive/folders/1yfDe50qcLnFwo_ge1GchGFq6yQRCe6JB?usp=drive_link"
"Centro de Desarollo Alhelí Montessori","Alhelí","https://i2.wp.com/media.wildflowerschools.net/wp-content/uploads/sites/13/2017/04/alheli-logo-200w.png"
"Orchid Montessori","Orchid","https://drive.google.com/drive/folders/1K5iXW33ZhtkRjvvl_2dIR4mLVMFIHpwx?usp=drive_link"
"Zinnia Montessori","Zinnia","https://i1.wp.com/media.wildflowerschools.net/wp-content/uploads/sites/13/2017/07/zinnia-logo-200w.jpg"
"Dandelion Montessori","Dandelion","https://media.wildflowerschools.net/wp-content/uploads/sites/13/2018/06/dandelion-logo-200w.jpg"
"Meadow Rue Montessori","Meadow Rue","https://drive.google.com/drive/folders/1P8iPpkEmJQT0fwsGSBk0EnVIGm2kU2ip?usp=drive_link"
"Acacia Montessori ","Acacia","https://drive.google.com/drive/folders/1C64_4ZN3NCFYXsZ8m5eCuMiXIrzEtYYG?usp=drive_link"
"Honeypot Montessori","Honeypot","https://drive.google.com/drive/folders/17un3TR_BdJp85cVoLzk1m9Og6MxNBZlR?usp=drive_link"
"Olea Montessori","Olea","https://drive.google.com/drive/folders/170TQoTtmGweAo40jWXkYWITPiG2hajmB"
"Sea Lavender Montessori","Sea Lavender","www.sealavendermontessori.org"
"Ave del Paraíso - Super Heroés","Ave del Paraíso","https://drive.google.com/drive/folders/1JoaAjLAIwPbRuc4EyVaXXPmb6Ogx2TQ_?usp=drive_link"
"Little Tree Community","Little Tree","https://drive.google.com/drive/folders/1RwXrzu-oaqTMCQiO8LGMBjDfHrJthCwT?usp=drive_link"
"Our Sun Montessori","Our Sun","https://drive.google.com/drive/folders/10TJiv9qfqWTKdpxw8KNiz8YoH9mRPWoC?usp=drive_link"
"Flamboyan Montessori","Flamboyan","https://wildflowerschools.org/wp-content/uploads/sites/11/2018/12/flamboyan-01.png"
"Snowdrop Montessori - Haverhill","Snowdrop Haverhill","https://i0.wp.com/media.wildflowerschools.net/wp-content/uploads/sites/13/2017/02/snowdrop-logo-200w.png"
"The School of Harvest","Harvest","https://drive.google.com/drive/folders/12d4vgMi9RP8BNLPjz0Eyh4csAoQYYzil?usp=drive_link"
"Bergamot Montessori","Bergamot","https://drive.google.com/drive/folders/1x3dgO3j_jTzufOSXY96Avd7V_NHPjlw3?usp=drive_link"
"Wild Rose Montessori","Wild Rose","https://i2.wp.com/media.wildflowerschools.net/wp-content/uploads/sites/13/2017/02/wildrose-logo-200w.png"
"Elderflower Montessori","Elderflower","https://drive.google.com/drive/folders/1M-Zj3FmHMmVTz_ORnfTfSs5emqrRziGA?usp=drive_link"
"Wisteria Montessori","Wisteria","https://wildflowerschools.org/wp-content/uploads/sites/11/2018/11/Wisteria-01.png"
"Ixora Montessori","Ixora","https://drive.google.com/drive/folders/1GsXqGH70tVya04lUVhVmkr8Qrn2SYzcv?usp=drive_link"
"Trout Lily Montessori (DBA, formerly Azalea Elementary)","Trout Lily","https://drive.google.com/drive/folders/13T7ZA0_vsaeNmItdqZmXSih6yyjon2kA?usp=drive_link"
"Sage Montessori School of Nashville","Sage - Nashville","https://drive.google.com/drive/folders/1f7TWijHwTxkJyPxrzgK756va7Kg4rr26?usp=drive_link"
"The Girasol School","Girasol","https://drive.google.com/drive/folders/1Fw4geobHGv-hBdXQGgEiAFV6T6A4SY0V?usp=drive_link"
"Wildflower Montessori","Wildflower","https://i0.wp.com/media.wildflowerschools.net/wp-content/uploads/sites/13/2017/02/wildflower-logo-200w.png"
"Tiger Lily Montessori","Tiger Lily","https://i1.wp.com/media.wildflowerschools.net/wp-content/uploads/sites/13/2017/03/tigerlilly-logo-200w.png"
"Lily Montessori Parent Child Center","Lily","https://wildflowerschools.org/wp-content/uploads/sites/11/2018/12/LilyLogo_revised-01.jpg"
"Hawthorn Montessori","Hawthorn","https://wildflowerschools.org/wp-content/uploads/sites/11/2019/02/hawthorn-v2.jpg"
"Marigold Montessori","Marigold","https://i0.wp.com/media.wildflowerschools.net/wp-content/uploads/sites/13/2017/02/marigold-logo-200w.png"
"Hyacinth Montessori","Hyacinth","https://drive.google.com/drive/folders/1nRHUL7Aww8nbvjw9ikZbJYoWBUHdc5Sg?usp=drive_link"
"Sweet Pea Montessori","Sweet Pea","https://i1.wp.com/media.wildflowerschools.net/wp-content/uploads/sites/13/2017/11/sweetpea-Logo-200w.png"
"Blazing Stars Montessori","Blazing Stars","https://drive.google.com/drive/folders/1Geynf-aLwcwJ1kW0z884zFQ7QxyPczL-?usp=drive_link"
"Sankofa Learning Center","Sankofa","https://drive.google.com/drive/folders/178Y5sbt36ThL2gFuLj6cqJm2kCogO3Rz?usp=drive_link"
"Lirio Montessori","Lirio","https://wildflowerschools.org/wp-content/uploads/sites/11/2018/06/Lirio-logo_vertical-01.jpg"
"Allium Montessori","Allium","https://drive.google.com/file/d/1UqKJS_m7AvHNl6186imlcXwMQl59ySiy/view?pli=1"
"Rain Lily Montessori","Rain Lily","https://drive.google.com/drive/folders/1-0VsUTu7fLCEjyk6-ivqDQ35RqB6mfKX?usp=drive_link"
"The Dahlia School of SF - Elementary ","Dahlia SF El","https://drive.google.com/drive/folders/1l8OjOa9AIK3nxtMjI4xwAeK5EY2UJuHk?usp=drive_link"
"Lilac Montessori","Lilac","https://drive.google.com/drive/folders/1WFUC35XG0o3Ke650WR5vI08nkP52kRs7?usp=drive_link"
"The Bronx Chrysalis Montessori School ","Bronx Chrysalis","https://drive.google.com/drive/folders/17tpdDP8cFSco_t7e9GRBCBzyBEk1Ba-8?usp=drive_link"
"Protea Montessori","Protea","https://drive.google.com/drive/folders/1xM6etoudW2tp4vIs9x9muZmaBF3Zez1g?usp=drive_link"
"Jawanza Zinnia Montessori Development Center","Jawanza Zinnia","https://drive.google.com/drive/folders/1EHzcD9e7OaWLL7eHVHwjbrLkweBLVDQa?usp=drive_link"
"Cantuta Montessori","Cantuta","https://drive.google.com/drive/folders/1LgU1u5NTBYQJ8fa5pMoIEAYYpUc7A26W?usp=drive_link"
"Girasol Montessori","Girasol","https://i1.wp.com/media.wildflowerschools.net/wp-content/uploads/sites/13/2017/03/girasol-logo-200w.png"
"Fox Flower Montessori","Fox Flower","https://wildflowerschools.org/wp-content/uploads/sites/11/2019/02/FoxFlowerLogo-02.jpg"
"The Riverseed School","Riverseed","https://drive.google.com/drive/folders/1Eo96E73rmQ_RpzE9N9TMMHzIrqc950fV?usp=drive_link"
"Miramelinda Montessori","Miramelinda","https://media.wildflowerschools.net/wp-content/uploads/sites/13/2018/06/miramelinda-Logo-200w.png"
"Birds of Paradise Montessori School","Birds of Paradise","https://drive.google.com/drive/folders/1tcDKd4Twn5X05vC29SmC9Z2qJdFQd5cr?usp=drive_link"
